cwe_id,is_relevant,explanation
CWE-400,Yes,CWE-400指的是不受控制的资源消耗漏洞，这在Docker安全中是相关的。Docker容器通过共享宿主机的资源运行，如果一个容器消耗过多的资源（如CPU、内存、磁盘空间或网络带宽），可能会导致宿主机或其他容器资源不足，从而引发拒绝服务（DoS）攻击。因此，合理配置资源限制和监控容器资源使用对于防止CWE-400相关的安全问题是至关重要的。
CWE-643,yes,CWE-643指的是XML路径（XPath）注入漏洞，虽然Docker本身不直接处理XML数据，但在Docker容器中运行的应用程序可能会处理XML数据。如果这些应用程序没有正确过滤或转义用户提供的输入，就可能存在XPath注入的风险。因此，CWE-643与Docker安全是相关的，特别是在容器化应用程序的安全上下文中。
CWE-787,Yes,CWE-787指的是'越界写入'漏洞，这在Docker安全中是相关的。Docker容器虽然提供了隔离的运行环境，但如果容器内的应用程序存在越界写入漏洞，攻击者可能利用此漏洞在容器内部执行恶意代码，进而可能影响到宿主系统或其他容器。因此，确保应用程序没有此类漏洞对于维护Docker环境的安全至关重要。
CWE-351,Yes,CWE-351（不充分的授权检查）与Docker安全相关，因为在Docker环境中，如果容器或应用程序没有正确实施授权检查，攻击者可能会利用这一点绕过安全措施，访问未授权的资源或执行未授权的操作。这强调了在Docker部署中实施严格的授权和访问控制的重要性。
CWE-798,Yes,CWE-798指的是使用硬编码的凭证，这在Docker安全中确实是一个相关的问题。在Docker容器或镜像中硬编码密码、API密钥或其他敏感信息，可能会导致这些信息被未授权的用户访问或利用。因此，避免在Dockerfile或容器配置中使用硬编码的凭证是保护Docker安全的重要措施之一。
CWE-835,Yes,CWE-835指的是在循环中使用无限循环或递归而没有适当的终止条件，这可能导致资源耗尽。在Docker安全中，如果容器内的应用程序存在这样的漏洞，可能会导致容器资源被耗尽，进而影响宿主机的性能或其他容器的运行。因此，CWE-835与Docker安全是相关的。
CWE-598,Yes,CWE-598指的是通过GET请求中的查询字符串（query string）敏感信息的不当传输。在Docker安全中，如果应用程序容器化后仍然通过GET请求传输敏感信息，而没有使用更安全的传输方法（如POST请求加上TLS加密），那么这个问题就与Docker安全相关。因此，确保在Docker化的应用中避免通过GET请求传输敏感信息是重要的安全措施。
CWE-74,yes,CWE-74，即'在Web页面生成期间对特殊元素的不当中和（'注入'）'，与Docker安全相关，因为在Docker环境中，如果应用程序不正确地处理用户输入，可能会导致注入攻击。例如，如果在构建Docker镜像时，脚本或应用程序没有正确处理用户提供的数据，攻击者可能利用这一点注入恶意命令或代码，从而危害容器安全。因此，确保在Dockerfile和相关的构建脚本中正确处理和中和用户输入是防止此类漏洞的关键。
CWE-23,yes,CWE-23，即相对路径遍历，是Docker安全中一个相关的问题。在Docker环境中，如果应用程序或脚本不正确地处理文件路径，攻击者可能利用相对路径遍历漏洞访问或覆盖宿主机上的敏感文件。这种漏洞可能导致信息泄露、服务中断或其他安全风险。因此，确保Docker容器和应用程序正确处理文件路径是防止CWE-23的关键。
CWE-639,Yes,CWE-639，即通过用户控制的密钥绕过授权机制，与Docker安全相关。在Docker环境中，如果容器或应用程序的访问控制机制依赖于用户提供的密钥或令牌，而没有充分验证这些密钥或令牌的权限，攻击者可能会利用这一点绕过授权机制，访问未授权的资源或执行未授权的操作。因此，确保Docker容器和应用程序实施严格的密钥验证和授权检查是防止此类漏洞的关键。
CWE-426,Yes,CWE-426（不受信任的搜索路径）与Docker安全相关，因为它涉及到在不受信任的环境中执行代码时可能遇到的路径搜索问题。在Docker容器中，如果应用程序或脚本依赖于环境变量或路径来加载资源，而没有正确限制或验证这些路径，攻击者可能通过操纵这些路径来执行恶意代码。因此，确保Docker容器中的应用程序不依赖于不受信任的搜索路径是提高容器安全性的重要措施之一。
CWE-204,No,CWE-204指的是'可观察的响应差异'，这是一种安全弱点，通常与Web应用程序相关，攻击者可以通过分析应用程序对不同输入的响应差异来推断出敏感信息。虽然Docker容器可以运行Web应用程序，但CWE-204本身并不直接与Docker的安全特性相关。Docker的安全更多关注于容器隔离、镜像安全、运行时安全等方面。因此，CWE-204不直接适用于Docker安全讨论。
CWE-683,No,CWE-683指的是函数调用链的不正确顺序或逻辑错误，这通常与软件开发中的逻辑错误相关。而Docker安全更多关注于容器隔离、镜像安全、运行时安全等方面，与CWE-683描述的问题不直接相关。因此，CWE-683对Docker安全的直接影响较小。
CWE-1336,Yes,CWE-1336指的是'Improper Neutralization of Special Elements used in a Data Structure Query'，即在对数据结构的查询中特殊元素的不当中和。在Docker安全中，如果Docker容器或镜像的配置、构建或部署过程中，不当处理了用户输入或配置数据，可能会导致安全漏洞，如注入攻击。因此，CWE-1336与Docker安全是相关的，特别是在涉及到动态构建容器或处理容器间通信时。
CWE-117,Yes,CWE-117（不正确的日志输出转义）与Docker安全相关，因为在Docker环境中，应用程序和服务的日志可能会包含敏感信息。如果这些日志没有正确地转义或处理，可能会导致信息泄露，从而被恶意利用。因此，确保日志输出的正确处理对于Docker容器的安全至关重要。
CWE-201,Yes,CWE-201指的是通过包含敏感信息的Web页面缓存导致的信息泄露。在Docker安全中，如果Docker容器或镜像配置不当，可能会暴露敏感信息，如环境变量、配置文件等，这些信息可能被未授权的用户访问。因此，尽管CWE-201主要关注Web应用程序的缓存问题，但其核心问题——敏感信息的不当暴露——在Docker环境中同样适用，尤其是在Web应用程序运行在Docker容器中的情况下。
CWE-1284,Yes,CWE-1284，即不正确的硬件块配置，虽然主要与硬件相关，但在Docker安全上下文中也可能相关。Docker容器运行在宿主机的操作系统上，依赖于宿主机的硬件资源。如果宿主机的硬件配置不当，比如CPU或内存资源分配不合理，可能会导致容器性能问题或安全漏洞。因此，虽然不直接相关，但宿主机的硬件配置不当间接影响Docker容器的安全和性能。
CWE-552,yes,CWE-552指的是'文件或目录被外部实体可访问'的弱点。在Docker安全中，如果容器内的文件或目录权限配置不当，可能会导致敏感信息泄露或被未授权访问。因此，确保容器内的文件和目录权限正确配置，避免外部实体可访问，是Docker安全的一个重要方面。
CWE-770,Yes,CWE-770指的是资源分配不加限制或限制不当的问题，这在Docker安全中确实相关。在Docker环境中，如果不合理地配置容器的资源限制（如CPU、内存等），可能会导致资源耗尽攻击，影响宿主机的稳定性和其他容器的性能。因此，合理配置资源限制是确保Docker安全的重要措施之一。
CWE-190,yes,CWE-190（整数溢出或环绕）与Docker安全相关，因为在容器环境中，应用程序可能会因为整数溢出或环绕漏洞而受到攻击。这种漏洞可能导致资源耗尽、服务拒绝或其他安全风险。在Docker容器中运行的应用程序如果存在此类漏洞，可能会影响容器本身或宿主机系统的安全。因此，开发和管理Docker容器时，需要识别和修复这类漏洞以确保环境的安全。
CWE-80,Yes,CWE-80，即'跨站脚本（XSS）'漏洞，在Docker安全中是相关的。虽然Docker容器本身提供了隔离环境，但如果容器内运行的应用程序存在XSS漏洞，攻击者仍可能利用这些漏洞对用户进行攻击。因此，确保容器内应用程序的安全性，包括防范XSS攻击，是Docker安全实践中的重要部分。
CWE-680,Yes,CWE-680指的是整数溢出或环绕问题，这在Docker安全中是相关的。Docker容器和应用程序可能会受到整数溢出漏洞的影响，尤其是在处理资源分配、内存管理或计算容器资源限制时。如果攻击者能够利用这些漏洞，可能会导致拒绝服务(DoS)或执行任意代码。因此，确保Docker环境和应用程序中没有整数溢出漏洞是保护Docker安全的重要部分。
CWE-409,Yes,CWE-409指的是'压缩数据的不当处理'漏洞，这在Docker安全中是相关的。因为Docker容器经常使用压缩的镜像文件进行分发和部署，如果处理不当，可能会导致安全漏洞，如通过特制的压缩文件执行任意代码或导致拒绝服务攻击。因此，确保正确处理压缩数据对于维护Docker环境的安全至关重要。
CWE-611,Yes,CWE-611指的是不正确地限制XML外部实体引用（XXE）的安全弱点。在Docker安全中，如果应用程序或服务在处理XML输入时没有正确限制外部实体引用，攻击者可能利用这一点进行XXE攻击，导致信息泄露、服务器端请求伪造（SSRF）等安全问题。因此，确保Docker容器中运行的应用程序正确处理XML输入，避免CWE-611相关的漏洞，对于维护Docker环境的安全至关重要。
CWE-288,Yes,CWE-288指的是认证绕过或滥用机制的不当实现，这在Docker安全中是相关的。Docker容器和镜像的安全依赖于正确的认证和授权机制。如果攻击者能够绕过这些机制，他们可能会获得未授权的访问权限，执行恶意操作。因此，确保Docker部署中不包含CWE-288所描述的安全漏洞是非常重要的。
CWE-120,Yes,CWE-120，即缓冲区溢出漏洞，与Docker安全相关。在Docker环境中，如果容器内的应用程序存在缓冲区溢出漏洞，攻击者可能利用此漏洞执行任意代码或导致服务拒绝。尽管Docker提供了容器隔离机制来限制攻击的影响范围，但容器逃逸攻击可能使攻击者突破隔离，影响宿主机或其他容器。因此，确保容器内应用程序免受缓冲区溢出等漏洞的影响，是Docker安全的重要方面。
CWE-1230,Yes,CWE-1230，即'使用不安全的默认权限或访问控制'，与Docker安全相关。在Docker环境中，如果容器或镜像默认配置了不安全的权限设置，可能会导致未授权的访问或数据泄露。因此，确保Docker容器和镜像的权限和访问控制设置得当，是防止此类安全漏洞的关键。
CWE-131,Yes,CWE-131（不正确的缓冲区大小计算）在Docker安全中是相关的，因为容器化应用可能会因为不正确的缓冲区大小计算而受到攻击，导致缓冲区溢出等安全问题。尽管Docker提供了一定程度的隔离，但容器内的应用如果存在此类漏洞，仍然可能被利用来执行恶意代码或导致拒绝服务。因此，开发和使用Docker容器时，应当注意避免这类安全漏洞。
CWE-354,yes,CWE-354（不正确的证书验证）与Docker安全相关，因为Docker容器和镜像的安全依赖于正确的证书验证机制来确保通信的安全性。如果Docker在验证证书时存在缺陷，可能会导致中间人攻击或其他安全威胁，从而危及容器化应用的安全。因此，确保Docker环境中正确实施和配置证书验证是非常重要的。
CWE-601,Yes,CWE-601指的是URL重定向到不受信任的站点（'Open Redirect'）。在Docker安全中，如果Docker容器或相关服务配置不当，可能会允许攻击者通过构造特定的URL，将用户重定向到恶意站点，从而进行钓鱼攻击或其他恶意活动。因此，确保Docker配置中不包含开放重定向漏洞是保护Docker环境安全的重要措施之一。
CWE-610,Yes,CWE-610涉及到系统或组件将敏感信息暴露给未经授权的参与者，这在Docker安全中是一个相关的问题。Docker容器和镜像可能包含敏感信息，如密码、密钥等，如果不当配置或管理，可能会导致这些信息被泄露。因此，确保Docker环境的安全配置和定期审查是防止CWE-610相关漏洞的关键措施。
CWE-331,Yes,CWE-331（不足的熵）与Docker安全相关，因为在Docker容器中生成加密密钥或随机数时，如果熵不足，可能会导致密钥可预测，从而增加安全风险。Docker容器共享主机的熵池，如果主机熵不足，可能会影响容器内应用的安全性。因此，确保足够的熵对于Docker容器的安全至关重要。
CWE-345,yes,CWE-345指的是在验证数据真实性方面的不足，这在Docker安全中确实相关。Docker容器和镜像的安全性依赖于对来源和完整性的验证。如果Docker在验证镜像或容器的真实性时存在不足，可能会导致运行恶意镜像或容器，从而引发安全风险。因此，确保Docker环境中数据的真实性和完整性是防止此类漏洞的关键。
CWE-669,Yes,CWE-669涉及不正确或不足的权限管理，这在Docker安全中非常相关。Docker容器默认以root用户运行，如果没有适当配置，可能会导致权限提升攻击。正确管理容器和主机的权限是防止此类安全漏洞的关键。
CWE-915,Yes,CWE-915涉及到不安全的临时文件创建，这在Docker安全中是一个相关的问题。在Docker容器中，如果应用程序不安全地创建临时文件，可能会导致信息泄露或权限提升等安全问题。因此，确保临时文件的安全创建和处理对于Docker容器的安全性至关重要。
CWE-184,Yes,CWE-184（不完整的黑名单）与Docker安全相关，因为在Docker环境中，如果不正确地使用或配置安全措施（如不完全限制某些危险的系统调用或命令），可能会导致安全漏洞。例如，如果在Docker容器中不完全禁止或限制某些危险的系统调用，攻击者可能会利用这些遗漏来提升权限或逃逸容器。因此，确保在Docker安全策略中有一个完整且严格的白名单，而不是依赖不完整的黑名单，是非常重要的。
CWE-547,Yes,CWE-547指的是使用硬编码的凭证，这在Docker安全中是一个相关的问题。在Docker容器中使用硬编码的凭证（如密码、API密钥等）可能会导致安全风险，因为这些凭证容易被攻击者利用。为了增强Docker的安全性，建议使用环境变量或Docker secrets等安全机制来管理敏感信息，而不是在代码或配置文件中硬编码这些凭证。
CWE-755,Yes,CWE-755（不正确的异常处理）与Docker安全相关，因为在Docker容器中运行的应用程序可能会因为不正确的异常处理而暴露敏感信息或导致服务中断。正确的异常处理是确保容器安全运行的关键部分，可以防止攻击者利用异常情况来破坏容器或宿主机的安全。
CWE-502,yes,CWE-502指的是反序列化不受信任的数据，这在Docker安全中确实相关。Docker容器经常需要处理来自不同来源的数据，如果这些数据在反序列化过程中不被适当验证，可能会导致安全漏洞，如远程代码执行。因此，确保在Docker环境中正确处理和验证序列化数据是防止此类漏洞的关键。
CWE-1188,Yes,CWE-1188指的是'初始化的缺失'，这在Docker安全中是相关的。在Docker环境中，如果容器或镜像在初始化过程中未能正确设置或配置安全相关的参数，可能会导致安全漏洞。例如，未正确设置用户权限或未禁用不必要的服务，都可能被攻击者利用来提升权限或执行恶意代码。因此，确保Docker容器和镜像在初始化时正确配置所有安全相关的参数是非常重要的。
CWE-300,Yes,CWE-300指的是'通道可访问性不足'，这在Docker安全中是相关的。Docker容器和宿主机之间的通信如果没有适当的隔离和加密，可能会被攻击者利用，导致数据泄露或其他安全威胁。因此，确保Docker环境中的通信通道安全是非常重要的，以防止CWE-300所描述的安全漏洞。
CWE-459,Yes,CWE-459指的是'不完全清理资源'的漏洞，这在Docker安全中是相关的。在Docker环境中，如果容器或镜像没有被正确清理，可能会导致敏感信息泄露或资源耗尽。例如，未删除的临时文件或未使用的容器可能会成为攻击者的目标。因此，确保在Docker使用过程中彻底清理不再需要的资源是非常重要的安全实践。
CWE-306,Yes,CWE-306指的是'关键功能缺失认证'，这在Docker安全中是相关的。Docker容器和镜像的安全管理需要适当的认证机制来防止未授权的访问和操作。如果Docker守护进程或相关服务缺乏有效的认证措施，攻击者可能会利用这一点进行未授权的操作，从而危及容器化应用的安全。因此，确保Docker环境中的关键功能有强制的认证机制是至关重要的。
CWE-640,Yes,CWE-640涉及弱密码恢复机制，这在Docker安全中是相关的，因为Docker容器和镜像可能包含需要保护的敏感信息。如果使用弱密码或容易猜测的密码恢复机制，攻击者可能会利用这一点来获取未授权访问，从而危及Docker环境的安全。因此，确保使用强密码和安全的密码恢复机制对于保护Docker环境至关重要。
CWE-441,No,CWE-441指的是'未预期的行为或状态'，这在Docker安全中并不直接相关。Docker的安全问题更多集中在容器隔离、权限管理、镜像安全等方面，而不是未预期的行为或状态。因此，CWE-441与Docker安全的关联性较低。
CWE-617,No,CWE-617指的是'可达断言'漏洞，主要与软件开发中的断言机制相关，这些断言在运行时可以被触发，可能导致程序异常。Docker安全更多关注于容器隔离、镜像安全、运行时保护等方面，与CWE-617描述的漏洞类型不直接相关。因此，CWE-617对Docker安全的直接影响较小。
CWE-434,Yes,CWE-434指的是不受限制地上传危险类型的文件，这在Docker安全中是相关的。在Docker环境中，如果容器允许用户上传文件而不进行适当的限制和检查，攻击者可能会上传恶意文件，如可执行文件或脚本，从而在容器内部或宿主机上执行恶意代码。因此，确保在Docker应用中实施严格的文件上传验证和限制措施是防止此类漏洞的关键。
CWE-1004,Yes,CWE-1004指的是'Sensitive Cookie Without 'HttpOnly' Flag'，即敏感Cookie未设置'HttpOnly'标志。在Docker安全中，虽然Docker容器本身不直接处理HTTP cookies，但如果容器中运行的Web应用程序未正确设置'HttpOnly'标志，可能会导致跨站脚本攻击(XSS)等安全风险。因此，确保容器内应用程序的安全编码实践，包括正确设置Cookie属性，是Docker安全的一个重要方面。
CWE-191,No,CWE-191指的是'整数下溢'，这是一种编程错误，通常发生在整数运算结果小于该类型能表示的最小值时。虽然Docker容器和应用程序可能会受到此类漏洞的影响，但这与Docker本身的安全性无直接关联。Docker的安全性更多关注于容器隔离、镜像安全、运行时保护等方面。因此，CWE-191与Docker安全性的直接相关性较低。
CWE-276,Yes,CWE-276涉及默认权限问题，这在Docker安全中是相关的。Docker容器默认以root用户运行，如果没有适当配置，可能会导致权限提升攻击。因此，确保容器以最小权限运行是保护Docker环境安全的重要措施之一。
CWE-294,Yes,CWE-294（认证绕过捕获-重放攻击）与Docker安全相关，因为在Docker环境中，如果不正确地处理认证或会话令牌，攻击者可能捕获并重放这些凭证，绕过认证机制。这强调了在Docker部署中实施强认证和加密通信的重要性。
CWE-377,Yes,CWE-377指的是'不安全的临时文件创建'漏洞，这在Docker安全中是相关的。在Docker容器中，如果应用程序不安全地创建临时文件，可能会被恶意用户利用来覆盖敏感文件或执行其他恶意操作。因此，确保在Docker环境中安全地处理临时文件是重要的安全措施。
CWE-277,Yes,CWE-277涉及不安全的继承权限，这在Docker安全中是相关的。Docker容器默认以root用户运行，如果不加以限制，可能会导致容器内的进程拥有不必要的权限，从而增加安全风险。通过确保容器以非root用户运行或使用适当的用户命名空间映射，可以减轻这种风险。因此，理解并应用CWE-277的原则对于加强Docker容器的安全性是重要的。
CWE-674,Yes,CWE-674指的是不受控制的递归问题，这在Docker安全中是相关的。在Docker环境中，如果容器内的应用程序存在递归漏洞，攻击者可能利用这一点导致拒绝服务（DoS）攻击，通过无限递归消耗主机资源。因此，确保应用程序逻辑中递归调用的安全控制对于维护Docker容器的安全性至关重要。
CWE-1333,Yes,CWE-1333描述的是不规则的资源耗尽问题，这在Docker安全中是相关的。Docker容器共享宿主机的资源，如果某个容器恶意或无意中消耗过多的资源（如CPU、内存、磁盘I/O等），可能会导致宿主机或其他容器的资源耗尽，从而引发服务不可用或其他安全问题。因此，合理配置资源限制和监控是Docker安全实践中的重要部分。
CWE-250,Yes,CWE-250（执行不必要的特权操作）与Docker安全相关，因为Docker容器默认以root用户运行，这可能导致容器内的进程执行不必要的特权操作，增加系统被攻击的风险。通过限制容器的权限，如使用非root用户运行容器或配置适当的Linux能力（Capabilities），可以减少此类安全风险。
CWE-407,yes,CWE-407指的是算法复杂性攻击，这种攻击通过消耗过多的计算资源（如CPU时间）来影响系统的可用性。在Docker安全中，如果容器内的应用程序没有对输入进行适当的限制或验证，攻击者可能利用这一点发起算法复杂性攻击，导致容器或宿主机资源耗尽，从而影响其他容器或服务的正常运行。因此，CWE-407与Docker安全是相关的。
CWE-87,Yes,CWE-87指的是'对中性化不当'的漏洞，这在Docker安全中是相关的。Docker容器和镜像经常需要处理来自不同来源的数据，如果在处理这些数据时没有正确地进行中性化处理，可能会导致安全漏洞，如命令注入或路径遍历攻击。因此，确保在Docker环境中正确处理和中性化数据是非常重要的，以防止潜在的安全威胁。
CWE-379,Yes,CWE-379（创建具有不安全权限的临时文件）与Docker安全相关，因为在Docker容器中，如果应用程序或脚本创建临时文件时没有正确设置文件权限，可能会导致敏感信息泄露或安全漏洞。在容器化环境中，确保临时文件的安全创建和处理是防止潜在攻击的重要措施之一。
CWE-647,Yes,CWE-647指的是使用依赖于未经验证的URL重定向的Web应用程序。在Docker安全上下文中，如果Docker容器中运行的Web应用程序存在此类漏洞，攻击者可能利用它来重定向用户到恶意网站，从而进行钓鱼攻击或其他恶意活动。因此，确保Docker容器中的应用程序不包含此类漏洞对于维护Docker环境的安全至关重要。
CWE-676,Yes,CWE-676（使用潜在危险的函数）与Docker安全相关，因为在Docker容器中运行的应用程序可能会使用这些危险的函数，如不安全的系统调用或库函数，这可能导致容器逃逸或其他安全漏洞。确保Docker容器中的应用程序避免使用这些函数是提高容器安全性的重要措施之一。
CWE-772,Yes,CWE-772指的是'缺少资源释放'漏洞，这在Docker安全中是相关的。在Docker环境中，如果容器或应用程序未能正确释放资源（如文件描述符、内存等），可能会导致资源耗尽，进而影响宿主机的性能或其他容器的运行。因此，确保在Docker容器中正确管理和释放资源是防止此类漏洞的关键。
CWE-346,Yes,CWE-346，即'Origin Validation Error'（来源验证错误），与Docker安全相关。在Docker环境中，如果没有正确验证容器镜像的来源或没有实施适当的安全措施来确保镜像的完整性和真实性，攻击者可能会上传恶意镜像或篡改现有镜像。这可能导致供应链攻击，影响Docker容器的安全。因此，确保镜像的来源可信和完整性是Docker安全的一个重要方面。
CWE-36,Yes,CWE-36，即绝对路径遍历漏洞，与Docker安全相关。在Docker环境中，如果应用程序或容器配置不当，攻击者可能利用绝对路径遍历漏洞访问或修改宿主机上的敏感文件。这种漏洞可能导致信息泄露、权限提升或其他安全风险。因此，确保Docker容器和应用程序正确处理文件路径是防止此类漏洞的关键。
CWE-732,Yes,CWE-732指的是不正确的关键资源权限分配，这在Docker安全中是非常相关的。Docker容器和镜像的权限设置不当可能导致敏感信息泄露或容器逃逸攻击。例如，如果Docker守护进程或容器内的文件系统权限配置不当，攻击者可能利用这些漏洞获取未授权的访问权限。因此，正确配置和管理Docker容器和镜像的权限是确保Docker安全的关键措施之一。
CWE-670,Yes,CWE-670指的是不正确的控制流管理，这在Docker安全中是相关的。Docker容器依赖于正确的控制流来确保容器之间的隔离和安全执行。如果控制流管理不当，可能会导致容器逃逸、拒绝服务攻击或其他安全漏洞。因此，确保Docker环境中的控制流正确管理对于维护容器安全至关重要。
CWE-359,Yes,CWE-359（隐私侵犯）与Docker安全相关，因为Docker容器和镜像可能包含敏感信息，如环境变量、配置文件或应用程序数据，如果不当处理，可能导致隐私泄露。确保Docker环境的安全配置和定期审查可以帮助减轻此类风险。
CWE-269,Yes,CWE-269（不正确的权限管理）与Docker安全相关，因为在Docker环境中，错误的权限配置可能导致容器逃逸或未授权访问主机系统。确保容器和主机之间的权限正确隔离是防止此类漏洞的关键。
CWE-349,Yes,CWE-349指的是接受来自不受信任来源的敏感信息。在Docker安全中，如果容器从不受信任的源接收或加载配置、镜像或其他数据，而没有进行适当的验证或隔离，就可能面临此类漏洞的风险。因此，确保Docker容器和镜像的来源可信，以及实施严格的安全策略和隔离措施，对于防止CWE-349相关的安全威胁至关重要。
CWE-75,Yes,CWE-75，即'未能正确处理特殊元素的转义、编码或引用'，与Docker安全相关。在Docker环境中，如果应用程序或脚本未能正确处理用户输入中的特殊字符，可能会导致命令注入攻击。这种攻击可以让攻击者在容器内执行任意命令，从而破坏容器隔离性，影响Docker的安全性。因此，确保正确处理和转义用户输入是保护Docker环境免受此类攻击的重要措施。
CWE-208,Yes,CWE-208（可观察的时间差异）与Docker安全相关，因为它涉及到通过分析操作时间差异来推断信息的安全漏洞。在Docker环境中，如果容器或服务的响应时间可以被外部观察者测量并用于推断内部状态或数据，那么就可能存在CWE-208描述的安全风险。因此，确保Docker部署中所有服务和应用程序对时间差异攻击具有抵抗力是非常重要的。
CWE-749,yes,CWE-749指的是暴露危险的方法或函数，这在Docker安全中是相关的。Docker容器和镜像如果使用了含有已知漏洞的软件或库，可能会暴露危险的方法或函数，从而被攻击者利用。因此，确保Docker环境中使用的所有组件都是最新且没有已知漏洞是非常重要的。
CWE-682,Yes,CWE-682（不正确的计算）与Docker安全相关，因为在容器化环境中，错误的资源计算可能导致资源耗尽攻击（如CPU或内存），影响容器及其宿主机的性能和稳定性。正确管理和限制容器资源是预防此类问题的关键。
CWE-646,Yes,CWE-646（依赖锁定不足）与Docker安全相关，因为Docker容器和镜像依赖于大量的第三方库和组件。如果这些依赖没有正确锁定或验证，可能会导致使用过时或有漏洞的组件，从而引入安全风险。确保使用特定版本的依赖和定期更新依赖是减轻此类风险的关键措施。
CWE-209,yes,CWE-209指的是信息泄露漏洞，这类漏洞允许攻击者获取敏感信息。在Docker安全中，如果配置不当，容器可能会泄露敏感信息，如环境变量、配置文件等，从而被攻击者利用。因此，CWE-209与Docker安全是相关的。
CWE-693,Yes,CWE-693（保护机制失效）与Docker安全相关，因为Docker容器依赖于多种保护机制（如命名空间、cgroups、能力机制等）来隔离容器与宿主机以及其他容器。如果这些保护机制配置不当或存在漏洞，攻击者可能绕过这些机制，导致容器逃逸或其他安全风险。因此，确保这些保护机制的正确配置和及时更新对于Docker安全至关重要。
CWE-287,yes,CWE-287（不正确的认证）与Docker安全相关，因为在Docker环境中，如果配置不当或使用了弱认证机制，攻击者可能利用此漏洞绕过认证，获取未授权访问容器或Docker守护进程的权限。这可能导致敏感数据泄露或容器被恶意利用。因此，确保Docker部署中使用强认证机制和正确配置是至关重要的。
CWE-319,Yes,CWE-319指的是在传输过程中未加密敏感数据的漏洞。在Docker安全中，如果容器之间的通信或容器与外部服务的通信未加密，可能会暴露敏感信息，因此CWE-319与Docker安全是相关的。确保使用TLS/SSL等加密协议可以减轻此类风险。
CWE-252,Yes,CWE-252（未经检查的返回值）与Docker安全相关，因为在Docker环境中，如果应用程序或脚本未正确处理系统调用或外部命令的返回值，可能会导致安全漏洞。例如，未检查容器内执行的命令是否成功，可能会使攻击者利用此漏洞执行恶意操作。因此，确保正确处理所有返回值是保障Docker容器安全的重要措施之一。
CWE-29,yes,CWE-29指的是'路径遍历'漏洞，这在Docker安全中是非常相关的。在Docker环境中，如果容器内的应用程序没有正确处理用户提供的输入，攻击者可能利用路径遍历漏洞访问或覆盖容器文件系统之外的敏感文件。这可能导致信息泄露、权限提升或其他安全风险。因此，确保容器内的应用程序正确处理文件路径和用户输入是防止此类漏洞的关键。
CWE-696,yes,CWE-696，即'不正确的行为顺序'，与Docker安全相关。在Docker环境中，如果容器或服务的启动、停止、重启等操作顺序不当，可能会导致安全漏洞，如服务中断、数据泄露或未授权访问。因此，确保正确的操作顺序对于维护Docker环境的安全至关重要。
CWE-444,Yes,CWE-444（不完整的内部状态检查）与Docker安全相关，因为它涉及到在容器化环境中未能正确检查或验证内部状态可能导致的安全漏洞。在Docker中，如果容器或应用程序未能充分验证其内部状态或配置，可能会被攻击者利用来执行未授权操作或访问敏感数据。因此，确保在Docker部署中实施全面的状态检查和验证机制是至关重要的。
CWE-95,Yes,CWE-95，即'动态代码评估的不当控制'，与Docker安全相关。在Docker环境中，如果应用程序或服务不当处理用户提供的输入，可能导致动态代码评估（如使用eval()函数），从而引发安全漏洞。尽管Docker容器提供了一定程度的隔离，但容器内的应用程序若存在此类漏洞，仍可能被攻击者利用，执行恶意代码或绕过安全限制。因此，确保应用程序不动态执行不可信的代码是保护Docker环境安全的重要措施之一。
CWE-824,Yes,CWE-824（访问控制功能的不正确使用）与Docker安全相关，因为在Docker环境中，如果配置不当或使用了不安全的访问控制策略，可能会导致未授权的访问或权限提升。例如，如果Docker守护进程配置为允许非root用户访问，而没有适当的限制，就可能被利用来执行未授权的操作。因此，确保正确的访问控制和权限设置对于保护Docker环境免受此类漏洞的影响至关重要。
CWE-665,Yes,CWE-665指的是不正确的初始化（Improper Initialization），这在Docker安全中是相关的。在Docker环境中，如果容器或镜像没有正确初始化，可能会导致安全漏洞，如未授权的访问或信息泄露。例如，如果Docker容器启动时没有正确配置安全参数或环境变量，可能会使容器暴露于不必要的风险中。因此，确保Docker容器和镜像的正确初始化是保障Docker安全的重要措施之一。
CWE-1236,Yes,CWE-1236，即'硬件逻辑中存在可被利用的漏洞'，虽然主要关注硬件安全，但在Docker安全中也有其相关性。Docker容器运行在宿主机上，依赖于宿主机的硬件资源。如果宿主机硬件存在漏洞，可能会影响到运行在其上的Docker容器的安全性。因此，了解并缓解这类硬件漏洞对于保障Docker环境的安全也是重要的。
CWE-78,yes,CWE-78，也称为'操作系统命令注入'，与Docker安全相关。在Docker环境中，如果应用程序或脚本不安全地构造操作系统命令，攻击者可能利用此漏洞执行任意命令。这可能导致容器逃逸，攻击者获得宿主机系统的访问权限。因此，确保在Dockerfile和容器内运行的应用程序中正确处理用户输入，避免命令注入，是保护Docker环境安全的重要措施。
CWE-427,Yes,CWE-427指的是不受控制的搜索路径元素漏洞，这在Docker安全中是相关的。在Docker环境中，如果容器镜像或应用程序不正确地处理或限制了其搜索路径，可能会允许攻击者通过放置恶意文件在搜索路径中的优先位置来执行任意代码。因此，确保Docker容器和镜像的安全配置，避免不受控制的搜索路径元素，是防止此类漏洞的关键。
CWE-22,Yes,CWE-22，即路径遍历漏洞，与Docker安全相关。在Docker环境中，如果容器内的应用程序没有正确处理用户提供的输入，攻击者可能利用路径遍历漏洞访问或覆盖容器外的文件系统。这可能导致信息泄露、权限提升或其他安全风险。因此，确保Docker容器和应用程序正确处理文件路径是防止此类漏洞的关键。
CWE-150,yes,CWE-150（不适当的输入验证）与Docker安全相关，因为在Docker环境中，不适当的输入验证可能导致安全漏洞，如容器逃逸或服务拒绝攻击。确保对输入进行严格的验证是保护Docker环境免受攻击的重要措施之一。
CWE-681,Yes,CWE-681指的是数值类型转换不正确的问题。在Docker安全中，虽然直接相关的案例不多，但在构建或运行容器时，如果应用程序处理数值转换不当，可能会导致安全漏洞，如整数溢出或下溢，进而可能被利用执行任意代码或导致服务拒绝。因此，理解并防范CWE-681中描述的问题对于确保Docker容器及其运行的应用的安全性是有帮助的。
CWE-248,Yes,CWE-248指的是未捕获的异常，这在Docker安全中是相关的。在Docker容器中运行的应用程序如果没有正确处理异常，可能会导致容器崩溃或被恶意利用，从而影响整个Docker环境的安全性。因此，确保应用程序能够妥善处理异常是保障Docker安全的一个重要方面。
CWE-829,Yes,CWE-829指的是在软件中包含来自不可信或不受控制的外部来源的功能。在Docker安全中，这非常相关，因为Docker容器经常从公共仓库如Docker Hub拉取镜像，这些镜像可能包含来自不可信来源的代码或依赖。如果不进行适当的安全审查和验证，这些镜像可能会引入恶意代码或漏洞，从而影响容器和宿主机的安全。因此，确保只使用来自可信来源的镜像，并对镜像进行安全扫描是至关重要的。
CWE-627,Yes,CWE-627（动态链接函数的可执行文件未进行完整性检查）与Docker安全相关，因为在Docker容器中运行的应用程序可能会动态链接到外部库或依赖项。如果这些动态链接的库或依赖项未经过适当的完整性检查，攻击者可能会通过替换或篡改这些库来执行恶意代码，从而危害容器安全。因此，确保动态链接的库和依赖项的完整性是Docker安全的一个重要方面。
CWE-20,yes,CWE-20（不正确的输入验证）与Docker安全相关，因为在Docker环境中，不正确的输入验证可能导致安全漏洞，如容器逃逸或服务拒绝攻击。确保对输入进行严格的验证是保护Docker环境安全的重要措施之一。
CWE-290,Yes,CWE-290指的是通过欺骗进行的认证绕过。在Docker安全中，如果攻击者能够欺骗系统绕过认证机制，就可能获得未授权的访问权限。例如，如果Docker守护进程配置不当，攻击者可能通过欺骗手段绕过认证，执行未授权的操作。因此，CWE-290与Docker安全是相关的。
CWE-385,Yes,CWE-385指的是'Covert Timing Channel'（隐蔽时间通道），这是一种安全漏洞，攻击者可以通过分析系统响应时间的不同来推断敏感信息。在Docker安全中，如果容器化的应用程序或服务没有正确处理时间相关的操作，可能会暴露于此类攻击。因此，确保Docker容器和其运行的服务对时间相关的操作有适当的防护措施是重要的，以防止敏感信息通过时间通道泄露。
CWE-88,Yes,CWE-88，即'参数注入'，与Docker安全相关。在Docker环境中，如果应用程序或脚本不正确地处理用户提供的参数，可能会导致参数注入漏洞。这种漏洞可能允许攻击者通过构造恶意参数来执行未授权的命令或访问敏感数据。因此，确保在Docker容器中运行的应用程序正确处理和验证所有输入参数是防止CWE-88的关键。
CWE-326,Yes,CWE-326（不充分的加密强度）与Docker安全相关，因为Docker容器和镜像可能包含敏感数据，如果使用不充分的加密算法或弱密钥进行加密，可能会导致数据泄露或被未授权访问。确保使用足够强度的加密算法和密钥是保护Docker环境中数据安全的重要措施。
CWE-327,yes,CWE-327指的是使用被破解或有风险的加密算法。在Docker安全中，如果容器或镜像使用了弱加密算法来保护数据或通信，那么CWE-327就是相关的。这可能导致数据泄露或其他安全威胁。因此，确保使用强加密算法是保护Docker环境安全的重要措施之一。
CWE-125,Yes,CWE-125指的是'越界读取'漏洞，这在Docker安全中是相关的。Docker容器虽然提供了进程隔离，但如果容器内的应用程序存在越界读取的漏洞，攻击者可能利用此漏洞读取容器外的内存数据，或者在容器间进行数据泄露。因此，确保容器内的应用程序没有此类漏洞是Docker安全的一个重要方面。
CWE-1021,Yes,CWE-1021描述了在不当的权限管理下，进程或服务可能以过高的权限运行，这可能导致安全漏洞。在Docker安全中，如果容器以root权限运行，而没有适当的限制或隔离，就可能触发CWE-1021描述的问题。因此，确保容器以最小必要权限运行，是避免此类安全风险的关键措施。
CWE-392,Yes,CWE-392指的是'未捕获的异常'，这在Docker安全中是相关的。在Docker容器中运行的应用程序如果没有正确处理异常，可能会导致容器崩溃或被恶意利用，从而影响整个Docker环境的安全性。因此，确保应用程序能够妥善处理异常，是保障Docker安全的一个重要方面。
CWE-401,yes,CWE-401指的是在释放内存时未正确清除敏感信息的内存泄漏问题。在Docker安全中，如果容器内的应用程序存在此类漏洞，可能会导致敏感信息泄露给其他容器或主机系统，尤其是在多租户环境中。因此，确保应用程序正确处理内存释放对于维护Docker环境的安全至关重要。
CWE-1321,Yes,CWE-1321指的是'不当的保护机制导致敏感信息的暴露'。在Docker安全中，如果容器或镜像配置不当，可能会导致敏感信息如密码、密钥等被暴露。因此，确保Docker容器和镜像有适当的保护机制来防止敏感信息泄露是非常重要的，这使得CWE-1321与Docker安全相关。
CWE-776,Yes,CWE-776指的是XML递归实体扩展（XML Recursive Entity Expansion），这是一种通过XML实体扩展导致的拒绝服务攻击（DoS）。虽然Docker本身不直接处理XML数据，但在Docker容器中运行的应用程序可能会处理XML数据。如果这些应用程序没有正确配置或更新以防止此类攻击，那么CWE-776就与Docker安全相关。因此，确保容器内的应用程序安全配置和定期更新是减轻此类风险的关键。
CWE-908,Yes,CWE-908指的是使用过时或不受支持的软件组件，这在Docker安全中确实是一个相关的问题。因为Docker容器经常依赖于基础镜像和第三方库，如果这些组件过时或不再受支持，可能会引入已知的安全漏洞。因此，确保所有使用的软件组件都是最新的和受支持的，是维护Docker安全的一个重要方面。
CWE-863,Yes,CWE-863（不正确的授权）与Docker安全相关，因为在Docker环境中，如果配置不当，可能会导致未授权的用户或进程访问或控制容器或主机系统。例如，如果Docker守护进程配置为允许未经认证的远程访问，攻击者可能利用此漏洞执行未授权操作。因此，确保正确的授权机制对于保护Docker环境至关重要。
CWE-61,Yes,CWE-61（UNIX符号链接跟随问题）与Docker安全相关，因为在Docker容器中，如果容器内的应用程序或进程以高权限运行，并且能够创建或跟随符号链接，攻击者可能利用此漏洞访问或修改宿主机上的敏感文件。这可能导致权限提升或其他安全风险。因此，在设计和配置Docker容器时，应当限制容器内进程的权限，避免不必要的符号链接使用，以减少潜在的安全威胁。
CWE-613,yes,CWE-613，即不足的会话过期，与Docker安全相关。在Docker环境中，如果容器或服务之间的会话没有正确设置过期时间，可能会导致安全漏洞，使得未授权的用户能够维持会话并访问敏感信息。因此，确保Docker容器和服务配置了适当的会话过期策略是防止此类漏洞的关键。
CWE-918,yes,CWE-918，即服务器端请求伪造（SSRF），与Docker安全相关。在Docker环境中，如果应用程序允许用户输入控制向内部或外部服务器发出的请求，而没有适当的验证或限制，攻击者可能利用这一点，通过构造恶意请求访问或操作Docker守护进程或其他内部服务。因此，确保应用程序正确处理用户提供的URL或请求目标，是防止SSRF攻击的关键。
CWE-367,yes,CWE-367（竞争条件的时间检查-时间使用，Time-of-check Time-of-use (TOCTOU) Race Condition）与Docker安全相关。在Docker环境中，如果容器或宿主机上的文件或资源在检查和使用之间存在时间差，攻击者可能利用这个时间差进行恶意操作，比如替换文件或改变资源状态，从而导致安全漏洞。因此，确保在Docker部署和应用中正确处理文件和资源的访问，避免TOCTOU竞争条件，是提高Docker安全性的重要方面。
CWE-284,yes,CWE-284（不适当的访问控制）与Docker安全高度相关。Docker容器和镜像的安全很大程度上依赖于正确的访问控制和权限管理。如果配置不当，可能会导致未授权的访问或权限提升，从而威胁到容器化应用的安全。因此，确保适当的访问控制是保护Docker环境免受攻击的关键措施之一。
CWE-233,Yes,CWE-233描述了在特定条件下，软件可能会不正确地处理参数或环境变量，导致安全漏洞。在Docker安全中，如果容器内的应用程序不正确地处理环境变量或命令行参数，可能会被利用来执行未授权的操作或访问敏感数据。因此，理解并防范CWE-233中描述的问题对于确保Docker容器的安全至关重要。
CWE-384,Yes,CWE-384，即会话固定（Session Fixation），在Docker安全中是相关的。虽然Docker本身不直接处理用户会话，但在Docker容器中运行的应用程序可能会受到会话固定攻击的影响。如果应用程序在容器内部处理用户会话而不采取适当的安全措施，攻击者可能利用会话固定漏洞来劫持用户会话。因此，确保在Docker环境中运行的应用程序实施了防止会话固定攻击的措施是非常重要的。
CWE-295,Yes,CWE-295涉及证书验证不当的安全问题，这在Docker安全中是相关的。Docker容器和镜像的安全传输依赖于TLS/SSL证书的正确验证。如果Docker配置不当，未能正确验证服务器证书，可能会导致中间人攻击，从而危及容器和镜像的安全。因此，确保Docker环境中正确实施证书验证机制是防止此类漏洞的关键。
CWE-93,Yes,CWE-93（不适当的输入中和）与Docker安全相关，因为它涉及到对输入数据的不当处理，可能导致安全漏洞。在Docker环境中，如果不正确处理用户输入或配置数据，可能会被利用来执行恶意代码或绕过安全限制。因此，确保在Docker配置和操作中适当中和输入是防止此类漏洞的关键。
CWE-921,Yes,CWE-921（存储敏感信息的缓存）与Docker安全相关，因为Docker容器和镜像可能会缓存包含敏感信息的数据，如环境变量、配置文件或临时文件。如果不妥善处理这些缓存，可能会导致敏感信息泄露。因此，确保Docker环境中的缓存不存储敏感信息，或者采取适当的安全措施来保护这些信息，是防止此类安全漏洞的关键。
CWE-76,No,CWE-76指的是'路径名中的中性字符'漏洞，主要涉及操作系统如何处理路径名中的特殊字符。虽然Docker容器运行在操作系统上，但Docker本身的设计和实现并不直接受到CWE-76的影响。Docker的安全更多关注于容器隔离、镜像安全和运行时安全等方面。因此，CWE-76与Docker安全的直接相关性较低。
CWE-285,Yes,CWE-285，即'不适当的授权'，与Docker安全相关。在Docker环境中，如果不正确地配置容器的权限和访问控制，可能会导致未授权的用户或进程访问或修改敏感数据或系统资源。因此，确保适当的授权机制对于保护Docker容器和宿主机的安全至关重要。
CWE-521,Yes,CWE-521指的是弱密码要求，这在Docker安全中是相关的。Docker容器和镜像的安全依赖于强密码策略来保护访问控制，例如Docker Hub账户、容器内的用户账户以及服务认证。弱密码可能导致未授权访问，进而引发数据泄露或其他安全威胁。因此，确保实施强密码要求是Docker安全实践中的一个重要方面。
CWE-1220,yes,CWE-1220（不安全的资源清理）与Docker安全相关，因为在Docker容器中，如果资源（如文件、内存等）没有被正确清理，可能会导致信息泄露或资源耗尽攻击。确保在容器生命周期结束时正确清理资源，是维护Docker安全的重要措施之一。
CWE-41,Yes,CWE-41指的是'通过共享位置的不当路径名解析'漏洞，这在Docker安全中是相关的。Docker容器通过共享卷或绑定挂载与主机系统共享文件系统时，如果路径名解析不当，可能会导致安全漏洞，如容器逃逸或未授权访问主机文件系统。因此，确保正确的路径名解析和权限设置对于防止此类漏洞至关重要。
CWE-366,yes,CWE-366指的是在竞争条件下，由于资源的不当共享或管理导致的漏洞。在Docker安全中，如果多个容器共享同一个主机资源而没有适当的隔离或同步机制，就可能出现CWE-366描述的情况。因此，确保容器之间有适当的资源隔离和同步机制是防止此类漏洞的关键。
CWE-1088,yes,CWE-1088指的是'在敏感操作中缺乏同步'，这在Docker安全中是相关的。Docker容器和镜像的管理涉及到多个敏感操作，如构建、推送和拉取镜像等。如果在这些操作中没有适当的同步机制，可能会导致竞态条件，进而引发安全问题，如数据不一致或未授权的访问。因此，确保在Docker环境中进行敏感操作时有适当的同步措施是非常重要的。
CWE-347,yes,CWE-347指的是对加密签名的验证不当，这在Docker安全中是相关的。Docker容器和镜像的安全性依赖于正确的签名验证来确保镜像的来源和完整性未被篡改。如果Docker在验证镜像签名时存在漏洞，攻击者可能会利用这一点来部署恶意镜像，从而威胁到容器环境的安全。因此，确保加密签名的正确验证对于维护Docker环境的安全至关重要。
CWE-532,Yes,CWE-532指的是通过日志文件或错误消息泄露敏感信息。在Docker安全中，如果容器或应用程序配置不当，可能会通过日志或错误消息泄露敏感信息，如密码、密钥等。因此，CWE-532与Docker安全是相关的，需要采取适当的安全措施来防止此类信息泄露。
CWE-134,yes,CWE-134指的是使用外部控制的格式字符串漏洞。在Docker安全中，如果容器内的应用程序处理用户提供的输入时未正确验证，可能会导致格式字符串漏洞，从而允许攻击者执行任意代码或导致服务拒绝。因此，CWE-134与Docker安全是相关的。
CWE-369,Yes,CWE-369（除零错误）在Docker安全中是相关的，因为容器化的应用程序可能会因为错误的输入或配置而尝试除以零，导致崩溃或拒绝服务。尽管Docker本身不直接引入除零错误，但运行在Docker容器中的应用程序如果存在此类漏洞，可能会被利用来影响容器或宿主机的稳定性。因此，开发者在构建和部署容器化应用时，应当注意避免此类编程错误。
CWE-425,yes,CWE-425（直接请求（强制浏览））与Docker安全相关，因为它涉及到未授权访问资源的风险。在Docker环境中，如果没有正确配置访问控制和权限管理，攻击者可能通过直接请求访问未授权的容器、镜像或数据，从而导致信息泄露或其他安全威胁。因此，确保Docker部署中的适当访问控制和权限设置是防止此类漏洞的关键。
CWE-667,Yes,CWE-667指的是不充分的锁定机制，这在Docker安全中是相关的。Docker容器和主机之间的资源共享可能导致竞争条件，如果没有适当的锁定机制，可能会被恶意利用来破坏容器或主机的安全。因此，确保在Docker环境中实现充分的锁定机制是防止此类漏洞的关键。
CWE-26,No,CWE-26指的是'路径遍历：'/dir/../filename''，这是一种安全漏洞，允许攻击者通过操纵文件路径访问受限目录之外的文件。虽然Docker容器本身设计有隔离机制来防止此类攻击，但如果在容器内部运行的应用程序没有正确处理文件路径，仍然可能受到CWE-26的影响。因此，虽然Docker的安全架构减少了此类风险，但开发者在容器内运行的应用程序仍需注意防范路径遍历漏洞。
CWE-312,yes,CWE-312（敏感信息的明文存储）与Docker安全相关，因为在Docker容器中如果不当处理敏感信息（如密码、密钥等），可能会导致这些信息以明文形式存储或被泄露。确保敏感信息加密存储和使用是保护Docker安全的重要措施之一。
CWE-311,yes,CWE-311指的是缺少对关键数据的加密保护。在Docker安全中，如果容器或镜像中的敏感数据（如密码、密钥等）未经加密存储或传输，就可能面临CWE-311描述的风险。因此，确保Docker环境中敏感数据的加密是防止此类漏洞的关键措施。
CWE-352,Yes,CWE-352，即跨站请求伪造（CSRF），在Docker安全中确实相关。虽然Docker本身是一个容器化平台，主要关注于容器隔离和资源管理，但在Docker环境中运行的应用程序可能会受到CSRF攻击的影响。特别是当这些应用程序提供Web界面或API时，如果没有适当的安全措施，攻击者可能利用CSRF漏洞执行未授权的操作。因此，确保Docker容器中运行的应用程序实施了CSRF防护措施是重要的安全实践。
CWE-415,yes,CWE-415描述的是双重释放漏洞，这在Docker安全中是相关的。Docker容器运行在隔离的环境中，但如果容器内的应用程序存在双重释放漏洞，攻击者可能利用此漏洞执行任意代码或导致服务拒绝，进而影响宿主机的安全。因此，确保容器内应用程序没有此类漏洞对于维护Docker环境的安全至关重要。
CWE-843,Yes,CWE-843，即'访问控制不当'，与Docker安全相关。在Docker环境中，如果容器的访问控制配置不当，可能会导致未授权的访问或权限提升，从而引发安全风险。例如，如果容器以root权限运行，且没有适当的限制，攻击者可能会利用这一点来获取宿主机的控制权。因此，正确配置Docker的安全策略和访问控制是防止CWE-843相关漏洞的关键。
CWE-193,Yes,CWE-193（Off-by-one错误）在Docker安全中是相关的，因为容器化环境中的软件可能会受到此类漏洞的影响。Off-by-one错误可能导致缓冲区溢出，进而允许攻击者执行任意代码或导致服务拒绝。在Docker环境中，如果容器内的应用程序存在此类漏洞，攻击者可能利用它来逃逸容器或在宿主机上执行恶意代码。因此，确保容器内运行的应用程序没有此类漏洞对于维护Docker环境的安全至关重要。
CWE-274,Yes,CWE-274涉及的是不正确的默认权限问题。在Docker安全中，如果容器以root用户默认运行，可能会导致权限提升的风险，这与CWE-274描述的问题相关。因此，确保容器以最小必要权限运行是减轻此类风险的关键措施。
CWE-1395,Yes,CWE-1395描述的是依赖关系中的漏洞，特别是在软件组件之间不正确处理依赖版本时可能导致的安全问题。在Docker安全中，容器经常依赖于多个外部库和组件，如果这些依赖没有正确管理或更新，可能会引入漏洞。因此，CWE-1395与Docker安全是相关的，因为它强调了依赖管理的重要性，这对于确保Docker容器的安全性至关重要。
CWE-754,Yes,CWE-754（不正确的检查或不正确处理异常情况）与Docker安全相关，因为在Docker环境中，如果容器或应用程序未能正确处理异常情况，可能会导致安全漏洞。例如，容器可能会因为未捕获的异常而崩溃，或者在不安全的状态下继续运行，从而为攻击者提供可乘之机。因此，确保在Docker部署中正确处理异常和错误是保障安全的重要措施之一。
CWE-116,yes,CWE-116（不正确的编码或转义输出）与Docker安全相关，因为在Docker容器中运行的应用程序可能会因为不正确的输出编码或转义而受到攻击，如跨站脚本（XSS）攻击。确保应用程序正确处理输出数据是防止这类安全漏洞的关键。
CWE-457,yes,CWE-457（使用未初始化的变量）在Docker安全中是相关的，因为在构建或运行Docker容器时，如果使用了未正确初始化的环境变量或配置，可能会导致安全漏洞。例如，未初始化的变量可能会被恶意利用来绕过安全限制或执行未授权的操作。因此，确保所有变量在使用前都被正确初始化是保障Docker容器安全的重要措施之一。
CWE-789,Yes,CWE-789指的是不适当的内存分配，这在Docker安全中确实相关。Docker容器虽然提供了隔离的运行环境，但如果容器内的应用程序存在内存分配不当的问题，比如内存泄漏或缓冲区溢出，可能会导致容器崩溃或被攻击者利用，进而影响宿主机的安全。因此，确保容器内应用程序正确处理内存分配是Docker安全的一个重要方面。
CWE-358,Yes,CWE-358（不正确的权限分配）与Docker安全相关，因为在Docker环境中，错误的权限配置可能导致容器逃逸或未授权访问主机系统。确保容器和主机之间的权限正确分配是防止此类安全漏洞的关键。
CWE-565,Yes,CWE-565（依赖Cookie而不进行'HttpOnly'属性设置的安全问题）与Docker安全相关，因为在Docker容器中运行的Web应用程序可能会受到跨站脚本（XSS）攻击。如果应用程序没有正确设置HttpOnly属性，攻击者可能通过注入恶意脚本来窃取用户的会话Cookie。因此，确保在Docker环境中部署的应用程序正确实施HttpOnly属性是提高安全性的重要措施。
CWE-1286,Yes,CWE-1286指的是'Improper Neutralization of Special Elements used in an OS Command'（操作系统命令中特殊元素的不当中和），这在Docker安全中是相关的。因为Docker容器运行在宿主机的操作系统上，如果容器内的应用程序不安全地构造或执行操作系统命令，可能会导致命令注入攻击。这种攻击可能允许攻击者逃离容器，影响宿主机或其他容器，因此理解和防范CWE-1286对于保障Docker环境的安全至关重要。
CWE-119,Yes,CWE-119涉及不正确的内存缓冲区操作限制，这在Docker安全中是相关的，因为容器逃逸攻击可能利用此类漏洞来突破容器隔离，访问或修改宿主机的内存。尽管Docker提供了多种隔离机制，但确保应用程序不包含此类漏洞对于维护容器和宿主机的安全至关重要。
CWE-59,Yes,CWE-59指的是'在文件访问前未正确解析链接（符号链接）的问题'。在Docker安全中，这个问题是相关的，因为容器中的应用程序可能会不当处理符号链接，导致安全漏洞，如路径遍历攻击。正确管理和解析符号链接对于防止未授权访问敏感文件或目录至关重要。
CWE-173,Yes,CWE-173（不当的错误处理）与Docker安全相关，因为在Docker环境中，不当的错误处理可能导致信息泄露或为攻击者提供有关系统内部结构的线索。例如，如果Docker容器或服务在遇到错误时返回过于详细的错误信息，攻击者可能会利用这些信息来识别潜在的漏洞或进行进一步的攻击。因此，确保在Docker实现中正确处理错误，避免泄露敏感信息，是提高Docker安全性的重要方面。
CWE-668,yes,CWE-668指的是将资源暴露给错误的领域（Exposure of Resource to Wrong Sphere），这在Docker安全中确实相关。Docker容器化技术通过隔离运行环境来提高安全性，但如果配置不当，比如将敏感数据或服务暴露给不应该访问它们的容器或外部网络，就会引发安全问题。因此，确保正确的资源访问控制和网络配置是防止CWE-668在Docker环境中发生的关键。
CWE-704,No,CWE-704指的是不正确的类型转换或不安全的类型转换，这在Docker安全中并不直接相关。Docker的安全问题更多集中在容器隔离、权限管理、镜像安全等方面。虽然类型转换错误可能导致软件漏洞，但在Docker的上下文中，这类问题并不常见或直接相关。
CWE-203,Yes,CWE-203指的是通过差异性（Observable Discrepancy）导致的信息泄露。在Docker安全中，如果容器或镜像配置不当，可能会暴露敏感信息或系统细节，攻击者可以利用这些信息进行进一步的攻击。因此，确保Docker容器和镜像的安全配置，避免不必要的信息泄露，是防止CWE-203相关漏洞的关键。
CWE-279,yes,CWE-279（不正确的执行分配的权限）与Docker安全相关。在Docker环境中，如果容器以root权限运行，可能会导致权限提升攻击，因为容器内的root用户等同于宿主机的root用户。这违反了最小权限原则，增加了系统被攻击的风险。因此，确保容器以非root用户运行，或者使用用户命名空间来映射容器内的root用户到宿主机上的非特权用户，是减轻CWE-279相关风险的重要措施。
CWE-94,Yes,CWE-94（代码注入）与Docker安全相关，因为Docker容器中运行的应用程序如果未能正确处理用户输入，可能会受到代码注入攻击。攻击者可能利用这一点在容器内执行任意代码，从而影响容器安全。因此，确保应用程序正确处理输入并限制容器权限是减轻此类风险的关键措施。
CWE-73,Yes,CWE-73（外部控制文件名或路径）与Docker安全相关，因为在Docker环境中，如果应用程序允许外部输入控制文件或路径的名称，攻击者可能利用此漏洞访问或修改容器内的敏感文件，从而导致安全风险。确保应用程序不信任外部输入来控制文件操作是减轻此类风险的关键。
CWE-862,yes,CWE-862指的是缺失授权（Missing Authorization），这在Docker安全中是一个相关的问题。Docker容器和镜像如果没有适当的授权机制，可能会导致未授权的用户访问敏感数据或执行特权操作。因此，确保在Docker环境中实施适当的授权控制是非常重要的，以防止潜在的安全漏洞。
CWE-440,Yes,CWE-440指的是软件在预期行为之外的行为，这可能导致安全漏洞。在Docker安全中，如果容器或镜像的行为超出了预期，可能会被攻击者利用来执行未授权的操作或访问敏感数据。因此，理解和防范CWE-440对于确保Docker环境的安全至关重要。
CWE-77,Yes,CWE-77，即'命令注入'漏洞，与Docker安全密切相关。在Docker环境中，如果应用程序或脚本未正确过滤用户输入，攻击者可能通过构造恶意输入来执行任意命令。这可能导致容器逃逸、数据泄露或其他安全风险。因此，确保在Dockerfile和容器内运行的应用程序中实施严格的输入验证和命令执行限制，是防止CWE-77的关键措施。
CWE-79,Yes,CWE-79，也称为'跨站脚本（XSS）'，在Docker安全中是相关的。虽然Docker容器本身提供了进程隔离，但如果容器内运行的应用程序存在XSS漏洞，攻击者仍然可以利用这些漏洞来攻击其他用户或服务。例如，如果容器中运行的Web应用程序没有正确过滤用户输入，攻击者可以注入恶意脚本，这些脚本在用户的浏览器中执行，可能导致数据泄露或其他安全问题。因此，确保容器内应用程序的安全编码实践，包括防止XSS攻击，是Docker安全的一个重要方面。
CWE-471,Yes,CWE-471描述的是修改或使用共享资源时的竞争条件问题。在Docker安全中，如果多个容器或进程试图同时访问或修改同一共享资源（如文件系统或网络端口），而没有适当的同步机制，就可能引发竞争条件，导致数据不一致或安全漏洞。因此，CWE-471与Docker安全是相关的。
CWE-416,Yes,CWE-416（使用后释放）是一种软件安全弱点，指的是程序在释放了某个内存资源后，仍然保留了对该资源的引用，可能导致未定义的行为或安全漏洞。在Docker安全中，如果容器内的应用程序存在CWE-416漏洞，攻击者可能利用此漏洞执行任意代码或导致服务拒绝，尤其是在容器与宿主机共享内核的情况下，这种漏洞的影响可能更为严重。因此，确保容器内运行的应用程序没有此类漏洞是Docker安全的一个重要方面。
CWE-913,Yes,CWE-913（不恰当的控制交互频率）与Docker安全相关，因为它涉及到系统或组件之间的交互频率控制不当可能导致的安全问题。在Docker环境中，容器之间的交互或容器与宿主机之间的交互如果频率控制不当，可能会导致资源耗尽、服务拒绝（DoS）攻击或其他安全漏洞。因此，理解并适当控制这些交互频率对于维护Docker环境的安全至关重要。
CWE-130,Yes,CWE-130（不适当的边界值处理）与Docker安全相关，因为在Docker容器中运行的应用程序可能会因为不正确地处理输入数据而受到攻击。例如，如果容器内的应用程序没有正确验证或限制输入数据的长度或格式，攻击者可能利用这一点进行缓冲区溢出攻击或其他类型的攻击，从而破坏容器的隔离性或执行恶意代码。因此，确保容器内应用程序正确处理边界值是Docker安全的一个重要方面。
CWE-404,Yes,CWE-404指的是'不恰当的资源关闭或释放'，这在Docker安全中是相关的。在Docker环境中，如果容器或应用程序未能正确关闭或释放资源（如文件描述符、网络连接等），可能会导致资源泄露，进而影响宿主机的性能和安全性。因此，确保在Docker容器中正确管理和释放资源是防止此类漏洞的关键。
CWE-522,Yes,CWE-522指的是由于缺乏足够的认证或授权机制，导致系统或应用程序容易受到未授权访问的攻击。在Docker安全中，如果容器或Docker守护进程配置不当，没有实施严格的访问控制和认证机制，就可能出现CWE-522描述的安全问题。因此，确保Docker环境中的服务和容器有适当的认证和授权措施是防止此类漏洞的关键。
CWE-1049,Yes,CWE-1049指的是过度依赖全局资源，这在Docker安全中是一个相关的问题。在Docker环境中，如果不当管理容器与宿主机之间的资源访问权限，可能会导致容器过度依赖或滥用宿主机上的全局资源，如文件系统、网络接口等，从而引发安全风险。因此，理解并避免CWE-1049描述的情况对于保障Docker环境的安全至关重要。
CWE-89,Yes,CWE-89，即SQL注入，虽然在Docker环境中不直接相关，因为Docker本身是一个容器化平台，不直接处理SQL查询。但是，如果Docker容器中运行的应用程序存在SQL注入漏洞，那么这些漏洞可以被利用来攻击应用程序。因此，从应用程序安全的角度来看，CWE-89与Docker安全间接相关。确保容器内运行的应用程序免受SQL注入等漏洞的影响，是Docker安全实践的一部分。
CWE-599,Yes,CWE-599指的是在缺乏对敏感数据的适当保护措施的情况下，直接暴露敏感数据的漏洞。在Docker安全中，如果不当配置或使用Docker容器，可能会导致敏感信息如密码、密钥等被暴露，这与CWE-599描述的情况相符。因此，CWE-599与Docker安全是相关的。
CWE-614,Yes,CWE-614指的是敏感信息的不安全存储，这在Docker安全中确实是一个相关问题。Docker容器和镜像中可能会包含敏感信息，如密码、密钥等，如果不当存储，可能会导致信息泄露。因此，确保这些信息的安全存储对于Docker安全至关重要。
CWE-475,Yes,CWE-475（未定义的行为）在Docker安全中是相关的，因为Docker容器依赖于宿主机的内核来执行操作。如果容器内的应用程序或服务触发了未定义的行为，可能会导致安全漏洞，影响宿主机的稳定性或安全性。因此，确保容器内的应用程序避免未定义的行为是Docker安全的一个重要方面。
CWE-697,Yes,CWE-697指的是不充分的比较，这在Docker安全中是相关的。在Docker环境中，如果安全策略或配置的比较不充分，可能会导致安全漏洞，如容器逃逸或未经授权的访问。因此，确保在Docker部署和配置过程中进行充分的比较和验证是非常重要的。
CWE-362,Yes,CWE-362，即竞争条件（Race Condition），在Docker安全中是相关的。Docker容器共享主机系统的内核，如果容器内的应用程序存在竞争条件漏洞，攻击者可能利用这些漏洞在容器之间或容器与主机之间进行未授权的操作。因此，确保容器化应用程序免受竞争条件的影响对于维护Docker环境的安全至关重要。
CWE-525,yes,CWE-525指的是'敏感信息暴露于可公开访问的目录'。在Docker安全中，如果容器配置不当，可能会导致敏感信息（如密码、密钥等）被存储在可公开访问的目录中，从而暴露给未授权的用户。因此，CWE-525与Docker安全是相关的，特别是在配置和管理Docker容器时需要特别注意保护敏感信息，避免此类安全风险。
CWE-83,No,CWE-83指的是'在Web页面生成中允许用户控制脚本（XSS）'，这主要与Web应用程序的安全相关，涉及到用户输入的不当处理导致恶意脚本的执行。而Docker是一个容器化平台，主要关注于容器隔离、镜像安全等安全问题。虽然Docker环境中运行的应用程序可能存在XSS漏洞，但CWE-83本身并不直接关联到Docker的核心安全问题。因此，CWE-83与Docker安全的相关性较低。
CWE-662,Yes,CWE-662（不充分的同步）在Docker安全中是相关的，因为Docker容器和宿主机之间的资源共享可能导致同步问题。如果容器内的应用程序没有正确地同步对共享资源的访问，可能会导致数据竞争、信息泄露或其他安全漏洞。因此，确保在Docker环境中正确实现同步机制是防止这类漏洞的关键。
CWE-122,yes,CWE-122，即堆基缓冲区溢出，与Docker安全相关。在Docker环境中，如果容器内的应用程序存在堆基缓冲区溢出漏洞，攻击者可能利用此漏洞执行任意代码或导致服务拒绝，从而影响容器及其宿主机的安全。因此，确保容器内运行的应用程序没有此类漏洞是Docker安全的一个重要方面。
CWE-197,yes,CWE-197指的是'数字截断错误'，这在Docker安全中是相关的。在Docker环境中，如果应用程序或服务在处理数字数据时没有正确检查边界，可能会导致数字截断错误，进而引发安全漏洞。例如，当Docker容器处理来自不可信源的数据时，如果没有适当的验证和边界检查，攻击者可能利用这一漏洞进行攻击。因此，确保在Docker部署的应用程序中正确处理数字数据，避免数字截断错误，是提高Docker安全性的重要措施之一。
CWE-539,Yes,CWE-539指的是通过持久性Cookie进行的信息暴露。在Docker安全中，如果容器化的应用使用持久性Cookie来存储敏感信息，而没有采取适当的安全措施，如加密或安全的Cookie属性（如HttpOnly和Secure），那么这些信息可能会被恶意用户截获或滥用。因此，确保容器化应用正确处理Cookie和会话管理是防止此类漏洞的关键。
CWE-476,Yes,CWE-476（NULL指针解引用）在Docker安全中是相关的，因为Docker容器运行的应用可能会因为编程错误而尝试解引用NULL指针，导致容器崩溃或被利用进行拒绝服务攻击。尽管Docker提供了进程隔离，但容器内的应用漏洞仍然可能影响容器的稳定性和安全性。
CWE-922,Yes,CWE-922指的是不安全的默认权限配置，这在Docker安全中是一个相关的问题。Docker容器默认以root用户运行，如果不加以适当配置，可能会导致容器内的进程拥有过高的权限，从而增加系统被攻击的风险。因此，确保Docker容器的权限配置安全是防止CWE-922的关键。
CWE-497,yes,CWE-497指的是将敏感信息暴露在不安全的通道中。在Docker安全中，如果不当配置或使用Docker容器，可能会导致敏感信息如密码、密钥等通过不安全的网络传输或存储在容易被访问的位置，从而引发安全问题。因此，CWE-497与Docker安全是相关的。
CWE-178,No,CWE-178主要涉及不正确的输入验证，特别是在处理数字输入时。虽然Docker安全确实需要考虑输入验证的问题，但CWE-178更具体地指向数字输入的处理错误，这与Docker的核心安全问题（如容器逃逸、镜像安全等）关联不大。因此，CWE-178与Docker安全的直接相关性较低。
CWE-200,yes,CWE-200涉及信息泄露，这在Docker安全中是一个重要问题。Docker容器如果配置不当，可能会导致敏感信息泄露，如环境变量、配置文件或日志中包含的敏感数据。因此，确保Docker容器的安全配置和定期审查是防止信息泄露的关键措施。
CWE-494,Yes,CWE-494指的是下载的代码缺少完整性检查，这在Docker安全中是相关的。因为Docker容器经常从公共或私有的仓库中拉取镜像，如果这些镜像在传输过程中被篡改或者镜像本身就被植入了恶意代码，而Docker客户端没有进行完整性验证，就可能导致安全风险。因此，确保下载的Docker镜像经过完整性检查是非常重要的安全措施。
